epochs,dataset,d_dim,hidden_dim,k,L,M,num_seeds,batch_size,lr,regime,train_loss_thresh,outfile,seed,train_loss,test_loss,gen_gap,test_acc
1000,mnist,64,128,1,2,100,5,10,0.0009,independent,0.001,results/ablation_study_iid_vs_noniid_mnist.csv,1,0.0006010492049972,1.6391503857048229,1.6385493364998256,83.96
1000,mnist,64,128,1,2,100,5,10,0.0009,independent,0.001,results/ablation_study_iid_vs_noniid_mnist.csv,2,0.0004166928931954,1.6521481556892397,1.651731462796044,82.62
1000,mnist,64,128,1,2,100,5,10,0.0009,independent,0.001,results/ablation_study_iid_vs_noniid_mnist.csv,3,0.0008341096695949,1.5486591100096705,1.5478250003400753,82.84
1000,mnist,64,128,1,2,100,5,10,0.0009,independent,0.001,results/ablation_study_iid_vs_noniid_mnist.csv,4,0.0008484011981636,2.424504539877176,2.4236561386790125,81.49
1000,mnist,64,128,1,2,100,5,10,0.0009,independent,0.001,results/ablation_study_iid_vs_noniid_mnist.csv,5,0.0008023811911698,1.752764187278226,1.751961806087056,83.66
1000,mnist,64,128,1,2,10000,5,10,0.0009,all,0.001,results/ablation_study_iid_vs_noniid_mnist.csv,1,0.0006190609843033722,0.3736628846799731,0.37304382369566974,88.19
