epochs,dataset,d_dim,hidden_dim,k,L,batch_size,num_batches,outfile,train_loss,test_loss,gen_gap
1000,gaussian,64,128,1,2,64,1000,results/ablation_study_values_of_k.csv,0.0007820147221362,0.0038983361769874,0.0031163214548512
1000,gaussian,64,128,2,2,64,1000,results/ablation_study_values_of_k.csv,0.0005897926968871,0.0077111588005247,0.0071213661036375
1000,gaussian,64,128,3,2,64,1000,results/ablation_study_values_of_k.csv,0.0006042181400804,0.0084287755947732,0.0078245574546927
1000,gaussian,64,128,4,2,64,1000,results/ablation_study_values_of_k.csv,0.0001887539327777,0.0100105287447271,0.0098217748119494
1000,gaussian,64,128,5,2,64,1000,results/ablation_study_values_of_k.csv,0.0005888562395725,0.0144635519156838,0.0138746956761112
1000,gaussian,64,128,6,2,64,1000,results/ablation_study_values_of_k.csv,0.0009831387571282869,0.015446819280271345,0.014463680523143058
