{"weighted": {"overall_acc": 51.15, "avg_precision": 0.5008585077340872, "avg_recall": 0.3892, "avg_f1": 0.43568136448986505}, "unweighted": {"overall_acc": 51.93, "avg_precision": 0.5405391204632586, "avg_recall": 0.42639999999999995, "avg_f1": 0.474930934383602}, "final_contrastive_loss_weighted": {"9": 1.1020096266269683, "8": 1.315354261994362, "7": 1.4943391007184983, "6": 1.1536346530914308, "5": 1.207486326098442}, "final_contrastive_loss_unweighted": {"9": 1.5482164591550827, "8": 1.3595202937722206, "7": 1.5699682641029358, "6": 1.493403104543686, "5": 1.7233351522684097}}