{"weighted": {"overall_acc": 58.209999999999994, "avg_precision": 0.3733380732013491, "avg_recall": 0.40099999999999997, "avg_f1": 0.3113209935762968}, "unweighted": {"overall_acc": 39.01, "avg_precision": 0.22942948967311688, "avg_recall": 0.225, "avg_f1": 0.1605711152733463}, "final_contrastive_loss_weighted": {"9": 0.9109849101305008, "8": 0.6183526706695557, "7": 0.8401460519433022, "6": 1.309076789021492, "5": 0.7842565062642097}, "final_contrastive_loss_unweighted": {"9": 1.193821668624878, "8": 1.740150362253189, "7": 1.1474321460723877, "6": 2.08918485224247, "5": 1.2718687272071838}}