{"weighted": {"overall_acc": 99.05988146331494, "avg_precision": 0.9936720705390785, "avg_recall": 0.9868093484069812, "avg_f1": 0.9902185569281023}, "unweighted": {"overall_acc": 98.87594522787656, "avg_precision": 0.9920320492208929, "avg_recall": 0.9819306142061576, "avg_f1": 0.986945229899906}, "final_contrastive_loss_weighted": {"9": 0.5450394690036774, "8": 0.5026182293891907, "7": 0.547575079202652, "6": 0.48068829894065856, "5": 0.47175138056278226}, "final_contrastive_loss_unweighted": {"9": 1.3083102679252625, "8": 1.2657887578010558, "7": 1.2319655299186707, "6": 1.219883346557617, "5": 1.176199858188629}}