{"weighted": {"overall_acc": 98.53872879623952, "avg_precision": 0.9808021400167023, "avg_recall": 0.9790749469947826, "avg_f1": 0.9796636327543145}, "unweighted": {"overall_acc": 29.623952585325974, "avg_precision": 0.1935897435897436, "avg_recall": 0.18914405010438412, "avg_f1": 0.19134107708553325}, "final_contrastive_loss_weighted": {"9": 0.6231604224443436, "8": 0.5075454431772232, "7": 0.6307061898708344, "6": 0.5226286870241165, "5": 0.5667538356781006}, "final_contrastive_loss_unweighted": {"9": 1.722482430934906, "8": 1.7255175471305848, "7": 1.7282499170303345, "6": 1.7502642226219178, "5": 1.7305940365791321}}