{"weighted": {"overall_acc": 93.0, "avg_precision": 0.9410963713620214, "avg_recall": 0.9099999999999999, "avg_f1": 0.9246903370287198}, "unweighted": {"overall_acc": 84.675, "avg_precision": 0.7761063192446909, "avg_recall": 0.74, "avg_f1": 0.7487023459365091}}