{"weighted": {"overall_acc": 98.95, "avg_precision": 0.9924545640551704, "avg_recall": 0.9845, "avg_f1": 0.9884541187368333}, "unweighted": {"overall_acc": 33.2, "avg_precision": 0.18215962441314554, "avg_recall": 0.194, "avg_f1": 0.18789346246973365}, "final_contrastive_loss_weighted": {"9": 0.5656045734882355, "8": 0.5213088029623032, "7": 0.5564432978630066, "6": 0.5529385477304458, "5": 0.5317544913291932}, "final_contrastive_loss_unweighted": {"9": 1.7617591905593872, "8": 1.7612503004074096, "7": 1.828072052001953, "6": 1.7382206583023072, "5": 1.8333041834831239}}