{"weighted": {"overall_acc": 98.83507050889025, "avg_precision": 0.9898329005342127, "avg_recall": 0.9835757954454296, "avg_f1": 0.9866890469844586}, "unweighted": {"overall_acc": 29.572859186593092, "avg_precision": 0.2815298799786907, "avg_recall": 0.1901581571806424, "avg_f1": 0.19005111734636}, "final_contrastive_loss_weighted": {"9": 0.6774162650108337, "8": 0.6939173460006713, "7": 0.7189565467834472, "6": 0.6674609911441803, "5": 0.7043880474567413}, "final_contrastive_loss_unweighted": {"9": 2.079581413269043, "8": 2.1868463921546937, "7": 2.0123609066009522, "6": 1.9922761178016664, "5": 2.0171558594703676}}