{"weighted": {"overall_acc": 47.9, "avg_precision": 0.4501003018842075, "avg_recall": 0.37049999999999994, "avg_f1": 0.38284300089747286}, "unweighted": {"overall_acc": 47.375, "avg_precision": 0.4780814576634512, "avg_recall": 0.35750000000000004, "avg_f1": 0.40634114294174245}, "final_contrastive_loss_weighted": {"9": 1.6257512831687928, "8": 1.650187875032425, "7": 1.7625006532669067, "6": 1.4059886407852173, "5": 1.696629912853241}, "final_contrastive_loss_unweighted": {"9": 1.7221113300323487, "8": 2.1934311294555666, "7": 1.6390687680244447, "6": 1.864716299176216, "5": 1.7112420475482941}}