{"weighted": {"overall_acc": 49.0, "avg_precision": 0.5883816067566874, "avg_recall": 0.37900000000000006, "avg_f1": 0.4497719438597604}, "unweighted": {"overall_acc": 50.2, "avg_precision": 0.5989148926333725, "avg_recall": 0.40199999999999997, "avg_f1": 0.46422064688781994}, "final_contrastive_loss_weighted": {"9": 1.2215370494127273, "8": 1.4650046211481094, "7": 1.5880356222391128, "6": 1.1900887149572372, "5": 1.367884966135025}, "final_contrastive_loss_unweighted": {"9": 1.522991487979889, "8": 1.627595861852169, "7": 1.5286715865135192, "6": 1.3635636794567108, "5": 1.517012252807617}}