{"weighted": {"overall_acc": 79.27499999999999, "avg_precision": 0.9256709755405176, "avg_recall": 0.8474999999999999, "avg_f1": 0.8754645364630272}, "unweighted": {"overall_acc": 56.275, "avg_precision": 0.3374364264417379, "avg_recall": 0.398, "avg_f1": 0.31226492364179226}, "final_contrastive_loss_weighted": {"9": 0.7440374171733857, "8": 0.6800669240951538, "7": 0.7407709538936615, "6": 1.8568534421920777, "5": 0.7324989378452301}, "final_contrastive_loss_unweighted": {"9": 1.0901289612054825, "8": 1.6811632823944092, "7": 0.9075949490070343, "6": 1.8209016609191895, "5": 0.9631849831342697}}