{"weighted": {"overall_acc": 86.825, "avg_precision": 0.8968586745173038, "avg_recall": 0.8640000000000001, "avg_f1": 0.8794169561650733}, "unweighted": {"overall_acc": 28.95, "avg_precision": 0.4, "avg_recall": 0.005, "avg_f1": 0.009871726088865045}, "final_contrastive_loss_weighted": {"9": 0.8312289369106293, "8": 0.7089905917644501, "7": 0.8712663173675537, "6": 1.6237250465154647, "5": 0.78818035364151}, "final_contrastive_loss_unweighted": {"9": 1.9862006402015686, "8": 2.063080449104309, "7": 1.9816256403923034, "6": 2.0769424271583556, "5": 2.042095949649811}}