{"weighted": {"overall_acc": 62.629999999999995, "avg_precision": 0.4239968083148168, "avg_recall": 0.49380000000000007, "avg_f1": 0.4180223236791961}, "unweighted": {"overall_acc": 57.50999999999999, "avg_precision": 0.36461009292343727, "avg_recall": 0.3994, "avg_f1": 0.3118032403614332}, "final_contrastive_loss_weighted": {"9": 0.5926738265156746, "8": 0.4089831182360649, "7": 0.5430719038844108, "6": 0.980161160826683, "5": 0.5228184527158737}, "final_contrastive_loss_unweighted": {"9": 0.5722616949677467, "8": 0.8524972403049469, "7": 0.5432481858134269, "6": 1.3005874222517013, "5": 0.5525144830346107}}