{"weighted": {"overall_acc": 29.675, "avg_precision": 0.3639988082434386, "avg_recall": 0.185, "avg_f1": 0.2180221687326646}, "unweighted": {"overall_acc": 26.224999999999998, "avg_precision": 0.21038469547241476, "avg_recall": 0.144, "avg_f1": 0.16026119966246904}}