{"weighted": {"overall_acc": 80.175, "avg_precision": 0.9249684297510601, "avg_recall": 0.8615, "avg_f1": 0.8861600385093901}, "unweighted": {"overall_acc": 57.574999999999996, "avg_precision": 0.39121486020024276, "avg_recall": 0.40449999999999997, "avg_f1": 0.32020886781670677}}