{"weighted": {"overall_acc": 98.8146331493971, "avg_precision": 0.99199892331126, "avg_recall": 0.981954260005103, "avg_f1": 0.9869301614063586}, "unweighted": {"overall_acc": 98.83507050889025, "avg_precision": 0.990828114199337, "avg_recall": 0.9832469210779978, "avg_f1": 0.986995810666475}, "final_contrastive_loss_weighted": {"9": 0.9404291772842407, "8": 0.835079300403595, "7": 0.9011923813819885, "6": 0.9392451131343842, "5": 0.9032581585645676}, "final_contrastive_loss_unweighted": {"9": 0.8824133741855621, "8": 0.7859089827537536, "7": 0.836974276304245, "6": 0.8485888063907623, "5": 0.7834800362586976}}