{"weighted": {"overall_acc": 98.75, "avg_precision": 0.9884434387615814, "avg_recall": 0.984, "avg_f1": 0.9862158422895995}, "unweighted": {"overall_acc": 23.275000000000002, "avg_precision": 0.1368421052631579, "avg_recall": 0.006500000000000001, "avg_f1": 0.012410501193317424}, "final_contrastive_loss_weighted": {"9": 0.7376000809669495, "8": 0.6664968454837799, "7": 0.7409437751770019, "6": 0.6637414181232453, "5": 0.6769104230403901}, "final_contrastive_loss_unweighted": {"9": 2.004860336780548, "8": 2.012215263843536, "7": 2.111395363807678, "6": 2.0121223282814027, "5": 2.1362030363082884}}