{"weighted": {"overall_acc": 59.4, "avg_precision": 0.511521212283756, "avg_recall": 0.43479999999999996, "avg_f1": 0.4692788953008509}, "unweighted": {"overall_acc": 58.160000000000004, "avg_precision": 0.545546421465545, "avg_recall": 0.43099999999999994, "avg_f1": 0.46700207516470427}, "final_contrastive_loss_weighted": {"9": 1.0080068188905715, "8": 1.1806699043512345, "7": 1.2952253031730652, "6": 1.2817063438892364, "5": 1.050029417872429}, "final_contrastive_loss_unweighted": {"9": 1.1212722325325013, "8": 1.1740744507312775, "7": 1.3970175701379777, "6": 1.341582071185112, "5": 1.2304760372638703}}