{"weighted": {"overall_acc": 61.839999999999996, "avg_precision": 0.42908184173329367, "avg_recall": 0.49560000000000004, "avg_f1": 0.42140361010986727}, "unweighted": {"overall_acc": 57.38999999999999, "avg_precision": 0.34988722499216723, "avg_recall": 0.3968, "avg_f1": 0.3066233719961527}, "final_contrastive_loss_weighted": {"9": 0.5959132200479508, "8": 0.43890422403812407, "7": 0.5375347107648849, "6": 0.9883646669983864, "5": 0.5220350629091263}, "final_contrastive_loss_unweighted": {"9": 0.5835348603129387, "8": 0.8634310466051102, "7": 0.53928710013628, "6": 1.1744238549470902, "5": 0.5519672083854675}}