{"weighted": {"overall_acc": 52.190000000000005, "avg_precision": 0.5397153113334282, "avg_recall": 0.4248, "avg_f1": 0.4666632094049549}, "unweighted": {"overall_acc": 50.0, "avg_precision": 0.5088122375047293, "avg_recall": 0.3645999999999999, "avg_f1": 0.42004800183794105}, "final_contrastive_loss_weighted": {"9": 0.8595884457230568, "8": 0.9116560328006744, "7": 0.9577225068211556, "6": 1.0346975496411324, "5": 0.7815858802199364}, "final_contrastive_loss_unweighted": {"9": 0.8685813596844674, "8": 1.0175818783044814, "7": 1.109950893521309, "6": 1.2628456872701646, "5": 0.9652851206064225}}