{"weighted": {"overall_acc": 98.85000000000001, "avg_precision": 0.986681652234371, "avg_recall": 0.9855, "avg_f1": 0.9860160402534615}, "unweighted": {"overall_acc": 10.674999999999999, "avg_precision": 0.19744245524296675, "avg_recall": 0.011, "avg_f1": 0.020830994778645168}, "final_contrastive_loss_weighted": {"9": 0.5502026975154877, "8": 0.5673776179552078, "7": 0.5479056763648987, "6": 0.5333845406770706, "5": 0.5377223020792008}, "final_contrastive_loss_unweighted": {"9": 1.7414038634300233, "8": 1.7563318371772767, "7": 1.7930220198631286, "6": 1.797393970489502, "5": 1.7440995407104491}}