{"weighted": {"overall_acc": 85.22378908645003, "avg_precision": 0.8027696217171174, "avg_recall": 0.739603597182531, "avg_f1": 0.6959274646439738}, "unweighted": {"overall_acc": 78.07071326384632, "avg_precision": 0.767767696205311, "avg_recall": 0.5979765460200321, "avg_f1": 0.5830359385535213}, "final_contrastive_loss_weighted": {"9": 0.5062417688965798, "8": 0.6513546442985535, "7": 0.4661616665124893, "6": 0.413747164607048, "5": 0.5982413175702095}, "final_contrastive_loss_unweighted": {"9": 0.7973970353603363, "8": 0.8847374123334885, "7": 0.717292115688324, "6": 0.8576538854837418, "5": 0.829306172132492}}