{"weighted": {"overall_acc": 80.0, "avg_precision": 0.931504527631229, "avg_recall": 0.8654999999999999, "avg_f1": 0.8907313580814995}, "unweighted": {"overall_acc": 62.0, "avg_precision": 0.5262992489967864, "avg_recall": 0.47400000000000003, "avg_f1": 0.4360524577236945}}