{"weighted": {"overall_acc": 60.160000000000004, "avg_precision": 0.5025264427582696, "avg_recall": 0.4466, "avg_f1": 0.4728116092170901}, "unweighted": {"overall_acc": 58.8, "avg_precision": 0.6930327227144544, "avg_recall": 0.4236, "avg_f1": 0.45585465191261043}, "final_contrastive_loss_weighted": {"9": 0.6665141746401787, "8": 0.7202480491995812, "7": 0.9954784879088402, "6": 0.9139081022143364, "5": 0.942590135037899}, "final_contrastive_loss_unweighted": {"9": 0.6589346271753311, "8": 0.9522021096944809, "7": 0.9528771597146988, "6": 0.9005619224905967, "5": 0.963567637205124}}