{"weighted": {"overall_acc": 36.825, "avg_precision": 0.4194817307692308, "avg_recall": 0.371, "avg_f1": 0.36368623568044517}, "unweighted": {"overall_acc": 19.35, "avg_precision": 0.2821517192484934, "avg_recall": 0.187, "avg_f1": 0.14706668371323817}}