{"weighted": {"overall_acc": 37.15, "avg_precision": 0.18384615384615383, "avg_recall": 0.11950000000000001, "avg_f1": 0.14484848484848484}, "unweighted": {"overall_acc": 35.699999999999996, "avg_precision": 0.17026022304832714, "avg_recall": 0.1145, "avg_f1": 0.13692077727952168}, "final_contrastive_loss_weighted": {"9": 0.8608822759985924, "8": 1.1319433280825615, "7": 1.0307106882333756, "6": 0.9793555444478989, "5": 0.8804363909363747}, "final_contrastive_loss_unweighted": {"9": 1.0922285383939743, "8": 1.1682055547833443, "7": 1.3535325461626053, "6": 1.1218475726246835, "5": 1.178916689157486}}