{"weighted": {"overall_acc": 57.699999999999996, "avg_precision": 0.5229849436199362, "avg_recall": 0.462, "avg_f1": 0.4115967836965838}, "unweighted": {"overall_acc": 53.77499999999999, "avg_precision": 0.38462225852705745, "avg_recall": 0.3905, "avg_f1": 0.352267627199401}}