{"weighted": {"overall_acc": 92.225, "avg_precision": 0.9473544918092964, "avg_recall": 0.8965, "avg_f1": 0.9208258596405658}, "unweighted": {"overall_acc": 85.45, "avg_precision": 0.8243716694295635, "avg_recall": 0.765, "avg_f1": 0.7830018007316989}}