{"weighted": {"overall_acc": 51.92, "avg_precision": 0.48772564115144046, "avg_recall": 0.40619999999999995, "avg_f1": 0.44163588572565227}, "unweighted": {"overall_acc": 50.71, "avg_precision": 0.5702403430536438, "avg_recall": 0.3854, "avg_f1": 0.4452417574533561}, "final_contrastive_loss_weighted": {"9": 1.3989046931266784, "8": 1.0043244135379792, "7": 1.6460333949327468, "6": 1.1536709344387055, "5": 1.3757063746452332}, "final_contrastive_loss_unweighted": {"9": 1.4133384257555008, "8": 1.551505331993103, "7": 1.4819476479291915, "6": 1.2155159348249436, "5": 1.6395797902345657}}