{"weighted": {"overall_acc": 94.025, "avg_precision": 0.9473944215512097, "avg_recall": 0.9215, "avg_f1": 0.9340627391427019}, "unweighted": {"overall_acc": 85.725, "avg_precision": 0.7734526889033406, "avg_recall": 0.771, "avg_f1": 0.7689645417673214}}