{"weighted": {"overall_acc": 42.95, "avg_precision": 0.39921718185467686, "avg_recall": 0.24050000000000002, "avg_f1": 0.28720998865311265}, "unweighted": {"overall_acc": 44.75, "avg_precision": 0.44367053916261134, "avg_recall": 0.29700000000000004, "avg_f1": 0.337291354912687}, "final_contrastive_loss_weighted": {"9": 1.2450783139467239, "8": 1.3880970001220703, "7": 1.6835446518659591, "6": 1.459252623319626, "5": 1.3699450916051865}, "final_contrastive_loss_unweighted": {"9": 1.8240101194381715, "8": 1.7171366730332374, "7": 1.9863411509990692, "6": 1.5870780897140504, "5": 1.5125031131505966}}