{"weighted": {"overall_acc": 98.80441446965052, "avg_precision": 0.9873542654432237, "avg_recall": 0.9834055297052883, "avg_f1": 0.9853694638630837}, "unweighted": {"overall_acc": 29.89985693848355, "avg_precision": 0.18663926002055498, "avg_recall": 0.18956158663883088, "avg_f1": 0.18808907301916106}, "final_contrastive_loss_weighted": {"9": 0.5593289548158645, "8": 0.5066134595870971, "7": 0.6328906881809234, "6": 0.5132632112503052, "5": 0.5629269218444825}, "final_contrastive_loss_unweighted": {"9": 1.7320761632919313, "8": 1.721524519920349, "7": 1.7337635660171509, "6": 1.7715689396858216, "5": 1.7215389251708983}}