{"weighted": {"overall_acc": 59.07, "avg_precision": 0.5059762515402267, "avg_recall": 0.43179999999999996, "avg_f1": 0.4639366474684201}, "unweighted": {"overall_acc": 58.17, "avg_precision": 0.5143167348523977, "avg_recall": 0.4184, "avg_f1": 0.46124229382452897}, "final_contrastive_loss_weighted": {"9": 1.4769192230701447, "8": 1.4271864378452301, "7": 1.4968600058555603, "6": 1.191360011100769, "5": 1.3391995918750763}, "final_contrastive_loss_unweighted": {"9": 1.5394439947605134, "8": 1.4499627780914306, "7": 1.4467130398750305, "6": 1.508061681985855, "5": 1.3361952769756318}}