{"weighted": {"overall_acc": 94.45, "avg_precision": 0.9463400316002369, "avg_recall": 0.9255000000000001, "avg_f1": 0.9354044082658769}, "unweighted": {"overall_acc": 10.475, "avg_precision": 0.2, "avg_recall": 0.0005, "avg_f1": 0.0009975062344139652}}