{"weighted": {"overall_acc": 98.93725730635602, "avg_precision": 0.9909424697883669, "avg_recall": 0.9837919920767213, "avg_f1": 0.9873496738329297}, "unweighted": {"overall_acc": 29.644389944819128, "avg_precision": 0.19969298245614034, "avg_recall": 0.1897615866388309, "avg_f1": 0.1897564624583385}, "final_contrastive_loss_weighted": {"9": 0.5444495987892151, "8": 0.5012020832300186, "7": 0.6464858639240265, "6": 0.508851974606514, "5": 0.5774211263656617}, "final_contrastive_loss_unweighted": {"9": 1.7187151384353638, "8": 1.7229115676879883, "7": 1.7389784574508667, "6": 1.7400651383399963, "5": 1.7154122805595398}}