{"weighted": {"overall_acc": 51.78, "avg_precision": 0.5459665827800744, "avg_recall": 0.392, "avg_f1": 0.4293650238635441}, "unweighted": {"overall_acc": 52.04, "avg_precision": 0.543754849212994, "avg_recall": 0.4282, "avg_f1": 0.4771706161742535}, "final_contrastive_loss_weighted": {"9": 1.4229683166742324, "8": 1.2952019661664962, "7": 1.7311486601829529, "6": 1.588895207643509, "5": 1.3217182099819182}, "final_contrastive_loss_unweighted": {"9": 1.8596679985523223, "8": 1.8467501151561736, "7": 1.7372091150283813, "6": 1.7213877999782563, "5": 1.7468414580821991}}