{"weighted": {"overall_acc": 99.07010014306151, "avg_precision": 0.9936001506286664, "avg_recall": 0.9857429921357564, "avg_f1": 0.9896508617038018}, "unweighted": {"overall_acc": 98.5489474759861, "avg_precision": 0.9873383494191053, "avg_recall": 0.9782932425429133, "avg_f1": 0.982732581036921}, "final_contrastive_loss_weighted": {"9": 0.6942481029033661, "8": 0.6336078119277954, "7": 0.6424178838729858, "6": 0.6451423609256745, "5": 0.6384118866920471}, "final_contrastive_loss_unweighted": {"9": 1.8625485968589783, "8": 2.017492833137512, "7": 1.8460257506370545, "6": 1.8164878964424134, "5": 1.850090992450714}}