{"weighted": {"overall_acc": 89.46, "avg_precision": 0.9432259298754362, "avg_recall": 0.8808, "avg_f1": 0.9060189121832416}, "unweighted": {"overall_acc": 83.46000000000001, "avg_precision": 0.8546037003331538, "avg_recall": 0.7824000000000001, "avg_f1": 0.7963217495647491}, "final_contrastive_loss_weighted": {"9": 0.6417353951931, "8": 0.6204723209142685, "7": 0.5137437951564788, "6": 1.2812115496397019, "5": 0.5601471549272538}, "final_contrastive_loss_unweighted": {"9": 1.0227519643306733, "8": 0.9866587066650391, "7": 0.9881729698181152, "6": 1.4473937964439392, "5": 0.9339255928993225}}