{"weighted": {"overall_acc": 90.08, "avg_precision": 0.9386634961861822, "avg_recall": 0.8892, "avg_f1": 0.9100163445441876}, "unweighted": {"overall_acc": 70.73, "avg_precision": 0.42915592813931813, "avg_recall": 0.5024, "avg_f1": 0.42641247998633436}, "final_contrastive_loss_weighted": {"9": 0.416984840631485, "8": 0.49082909524440765, "7": 0.41772634387016294, "6": 1.099227836728096, "5": 0.4157694447040558}, "final_contrastive_loss_unweighted": {"9": 0.5503061199188233, "8": 0.48014201283454894, "7": 0.5909963217377663, "6": 1.162125948369503, "5": 0.585075417459011}}