{"weighted": {"overall_acc": 79.125, "avg_precision": 0.9290887078341517, "avg_recall": 0.8480000000000001, "avg_f1": 0.8771214169961885}, "unweighted": {"overall_acc": 53.2, "avg_precision": 0.31491081902846607, "avg_recall": 0.3715, "avg_f1": 0.2857435095568447}, "final_contrastive_loss_weighted": {"9": 0.4322900980710983, "8": 0.4322833859920502, "7": 0.5323029273748398, "6": 1.3501301404833794, "5": 0.4202683413028717}, "final_contrastive_loss_unweighted": {"9": 1.0935949242115022, "8": 1.2119279009103776, "7": 1.0733053243160249, "6": 1.3809360349178315, "5": 1.136406157016754}}