{"weighted": {"overall_acc": 65.92, "avg_precision": 0.41346667248928276, "avg_recall": 0.49160000000000004, "avg_f1": 0.4133710588495063}, "unweighted": {"overall_acc": 53.23, "avg_precision": 0.25721738407953454, "avg_recall": 0.3436, "avg_f1": 0.26423699506791976}, "final_contrastive_loss_weighted": {"9": 0.6497853371500969, "8": 0.3892772457003593, "7": 0.5759870278835296, "6": 1.1720327869057656, "5": 0.6161829590797424}, "final_contrastive_loss_unweighted": {"9": 1.1286691236495972, "8": 1.2540896582603454, "7": 1.093343368768692, "6": 1.2395667827129364, "5": 1.1347507774829864}}