{"weighted": {"overall_acc": 94.05, "avg_precision": 0.9428634941591667, "avg_recall": 0.922, "avg_f1": 0.9320682479564143}, "unweighted": {"overall_acc": 92.525, "avg_precision": 0.9268985291038773, "avg_recall": 0.914, "avg_f1": 0.9200378695671289}}