{"weighted": {"overall_acc": 52.65, "avg_precision": 0.568473798214769, "avg_recall": 0.437, "avg_f1": 0.476506993169384}, "unweighted": {"overall_acc": 42.075, "avg_precision": 0.4650076179915061, "avg_recall": 0.2565, "avg_f1": 0.3086417737075583}, "final_contrastive_loss_weighted": {"9": 1.0808499249815942, "8": 1.032302758693695, "7": 1.05371797144413, "6": 0.8226647093892098, "5": 0.940842365026474}, "final_contrastive_loss_unweighted": {"9": 1.1373359908163547, "8": 1.090020090341568, "7": 1.1219193908572196, "6": 1.1131552362442017, "5": 1.1622250634431839}}