{"weighted": {"overall_acc": 57.53, "avg_precision": 0.5069727584547892, "avg_recall": 0.4436, "avg_f1": 0.3977511278689291}, "unweighted": {"overall_acc": 26.66, "avg_precision": 0.06172148355493352, "avg_recall": 0.1764, "avg_f1": 0.09144634525660963}, "final_contrastive_loss_weighted": {"9": 0.7680535066127777, "8": 0.6425698071718215, "7": 0.8238700032234192, "6": 1.1643290930986405, "5": 0.9875107198953629}, "final_contrastive_loss_unweighted": {"9": 1.172426050901413, "8": 1.6472299218177795, "7": 1.2476067554950714, "6": 1.6382222032546998, "5": 1.6077740907669067}}