{"weighted": {"overall_acc": 42.85, "avg_precision": 0.3508381486355055, "avg_recall": 0.2325, "avg_f1": 0.27811207525748116}, "unweighted": {"overall_acc": 36.025, "avg_precision": 0.16267605633802817, "avg_recall": 0.1155, "avg_f1": 0.13508771929824562}, "final_contrastive_loss_weighted": {"9": 1.432474329471588, "8": 1.6067028734087945, "7": 1.2734899002313613, "6": 1.4548328977823257, "5": 1.342273006439209}, "final_contrastive_loss_unweighted": {"9": 1.3595094266533851, "8": 1.5818510860204698, "7": 1.6025184166431428, "6": 1.159292957186699, "5": 1.2158724039793014}}