{"weighted": {"overall_acc": 89.375, "avg_precision": 0.8635557883265401, "avg_recall": 0.833, "avg_f1": 0.8476524725300777}, "unweighted": {"overall_acc": 91.925, "avg_precision": 0.94155563723606, "avg_recall": 0.8855000000000001, "avg_f1": 0.9120720965409139}}