{"weighted": {"overall_acc": 98.64091559370529, "avg_precision": 0.9903268430013515, "avg_recall": 0.9792553001017168, "avg_f1": 0.9847194675972638}, "unweighted": {"overall_acc": 43.06151645207439, "avg_precision": 0.2689716967714408, "avg_recall": 0.27568074557420635, "avg_f1": 0.2376910402800811}, "final_contrastive_loss_weighted": {"9": 0.4096115553379059, "8": 0.3529196035861969, "7": 0.4191048058867455, "6": 0.35333355009555817, "5": 0.3640066260099411}, "final_contrastive_loss_unweighted": {"9": 1.2949298810958862, "8": 1.2779305481910705, "7": 1.31966868519783, "6": 1.278208645582199, "5": 1.3697459757328034}}