{"weighted": {"overall_acc": 90.2, "avg_precision": 0.9352957628492676, "avg_recall": 0.8924, "avg_f1": 0.9105398828678501}, "unweighted": {"overall_acc": 56.79, "avg_precision": 0.593079751579563, "avg_recall": 0.40519999999999995, "avg_f1": 0.3298041167761996}, "final_contrastive_loss_weighted": {"9": 0.733800219297409, "8": 0.7310627853870392, "7": 0.674680289030075, "6": 1.6481114798784255, "5": 0.6712130320072174}, "final_contrastive_loss_unweighted": {"9": 1.7023840522766114, "8": 1.7767067015171052, "7": 1.6711000394821167, "6": 1.8979624152183532, "5": 1.715218632221222}}