{"weighted": {"overall_acc": 52.559999999999995, "avg_precision": 0.620538126536409, "avg_recall": 0.3868, "avg_f1": 0.4378172806544091}, "unweighted": {"overall_acc": 50.980000000000004, "avg_precision": 0.6739178796771379, "avg_recall": 0.38439999999999996, "avg_f1": 0.4559636162921624}, "final_contrastive_loss_weighted": {"9": 1.5736303091049195, "8": 1.3338589018583298, "7": 1.651753203868866, "6": 1.255842318534851, "5": 1.573349289894104}, "final_contrastive_loss_unweighted": {"9": 1.9889706242084504, "8": 1.7422141629457473, "7": 1.5302206897735595, "6": 1.539219527244568, "5": 1.4851333785057068}}