{"weighted": {"overall_acc": 81.17, "avg_precision": 0.9277939013213301, "avg_recall": 0.8795999999999999, "avg_f1": 0.8996082477725441}, "unweighted": {"overall_acc": 57.21000000000001, "avg_precision": 0.353930929537395, "avg_recall": 0.3968, "avg_f1": 0.30461675111264575}, "final_contrastive_loss_weighted": {"9": 0.6936015594005585, "8": 0.5762445247173309, "7": 0.6322411412000656, "6": 1.1658170890808106, "5": 0.658673107624054}, "final_contrastive_loss_unweighted": {"9": 0.91798608481884, "8": 1.062161158323288, "7": 0.8553815147280693, "6": 1.3644044798612596, "5": 0.7572514298558235}}