{"weighted": {"overall_acc": 98.95, "avg_precision": 0.9886996248276457, "avg_recall": 0.9854999999999998, "avg_f1": 0.9870316488838868}, "unweighted": {"overall_acc": 10.6, "avg_precision": 0.20476190476190476, "avg_recall": 0.0095, "avg_f1": 0.018154542045028355}, "final_contrastive_loss_weighted": {"9": 0.7634710121154785, "8": 0.6781538009643555, "7": 0.6853727412223816, "6": 0.645641108751297, "5": 0.6492478835582733}, "final_contrastive_loss_unweighted": {"9": 2.026586983203888, "8": 2.038915479183197, "7": 2.03764080286026, "6": 2.2196009302139283, "5": 2.0984064650535585}}