{"weighted": {"overall_acc": 58.925000000000004, "avg_precision": 0.5833457362384619, "avg_recall": 0.48999999999999994, "avg_f1": 0.45757168034333107}, "unweighted": {"overall_acc": 54.275, "avg_precision": 0.3970949698975254, "avg_recall": 0.3985, "avg_f1": 0.36252119794438675}}