{"weighted": {"overall_acc": 30.349999999999998, "avg_precision": 0.34585478472062264, "avg_recall": 0.2015, "avg_f1": 0.23517138549493838}, "unweighted": {"overall_acc": 27.224999999999998, "avg_precision": 0.24822341637795567, "avg_recall": 0.141, "avg_f1": 0.1556021248206086}}