{"weighted": {"overall_acc": 52.925, "avg_precision": 0.6476111584080467, "avg_recall": 0.381, "avg_f1": 0.4011244307948753}, "unweighted": {"overall_acc": 40.675, "avg_precision": 0.4769635504897411, "avg_recall": 0.22899999999999995, "avg_f1": 0.2892567670692589}, "final_contrastive_loss_weighted": {"9": 1.7483542138338088, "8": 1.7156022489070892, "7": 1.5281641256809235, "6": 1.4910550534725189, "5": 1.6771288013458252}, "final_contrastive_loss_unweighted": {"9": 1.8567974472045898, "8": 2.0955672898888587, "7": 1.8251345098018645, "6": 1.6849910295009614, "5": 1.7058278048038482}}