{"weighted": {"overall_acc": 98.82485182914368, "avg_precision": 0.9894823061695741, "avg_recall": 0.9829016295981772, "avg_f1": 0.9861663636857887}, "unweighted": {"overall_acc": 44.5943184140609, "avg_precision": 0.5221983982282471, "avg_recall": 0.30148285526769486, "avg_f1": 0.2921393393347554}, "final_contrastive_loss_weighted": {"9": 0.40413549423217776, "8": 0.3399327966570854, "7": 0.3845101982355118, "6": 0.46262499123811723, "5": 0.3378132349252701}, "final_contrastive_loss_unweighted": {"9": 1.271841733455658, "8": 1.2829574632644654, "7": 1.2894966435432433, "6": 1.2649167382717132, "5": 1.2712310922145844}}