{"weighted": {"overall_acc": 79.27499999999999, "avg_precision": 0.9184035193724684, "avg_recall": 0.8554999999999999, "avg_f1": 0.879729018577067}, "unweighted": {"overall_acc": 44.55, "avg_precision": 0.266278101582015, "avg_recall": 0.269, "avg_f1": 0.20314155504661438}, "final_contrastive_loss_weighted": {"9": 0.5866698771715164, "8": 0.6255137586593628, "7": 0.6694279515743256, "6": 1.5915740650892258, "5": 0.5549867469072342}, "final_contrastive_loss_unweighted": {"9": 1.3981995153427125, "8": 1.5349154353141785, "7": 1.331773772239685, "6": 1.6229437565803528, "5": 1.3853001952171327}}