{"weighted": {"overall_acc": 98.97500000000001, "avg_precision": 0.9915588238916115, "avg_recall": 0.986, "avg_f1": 0.9887290548735586}, "unweighted": {"overall_acc": 46.9, "avg_precision": 0.39192875922805964, "avg_recall": 0.318, "avg_f1": 0.3190585312569441}, "final_contrastive_loss_weighted": {"9": 0.33897515714168547, "8": 0.4209755292534828, "7": 0.3762484300136566, "6": 0.41018014669418335, "5": 0.35226508885622027}, "final_contrastive_loss_unweighted": {"9": 1.3030486631393432, "8": 1.3383623719215394, "7": 1.3309724044799804, "6": 1.2236008667945861, "5": 1.3656875348091126}}