{"weighted": {"overall_acc": 29.599999999999998, "avg_precision": 0.32991309173328365, "avg_recall": 0.163, "avg_f1": 0.19970953421654797}, "unweighted": {"overall_acc": 27.725, "avg_precision": 0.3122900807294766, "avg_recall": 0.1735, "avg_f1": 0.18933844822165424}}