{"weighted": {"overall_acc": 29.799999999999997, "avg_precision": 0.3341674928680237, "avg_recall": 0.181, "avg_f1": 0.21262459250558924}, "unweighted": {"overall_acc": 26.025, "avg_precision": 0.20625500508854885, "avg_recall": 0.13749999999999998, "avg_f1": 0.15410506819841546}}