{"weighted": {"overall_acc": 48.65, "avg_precision": 0.5856494304990882, "avg_recall": 0.4185, "avg_f1": 0.46482650422772515}, "unweighted": {"overall_acc": 51.025, "avg_precision": 0.6367850977476854, "avg_recall": 0.4305, "avg_f1": 0.49294354144748365}}