{"weighted": {"overall_acc": 86.8, "avg_precision": 0.9183942461393704, "avg_recall": 0.8644999999999999, "avg_f1": 0.886305207796827}, "unweighted": {"overall_acc": 59.4, "avg_precision": 0.4679567938982568, "avg_recall": 0.4445, "avg_f1": 0.38755022376506737}, "final_contrastive_loss_weighted": {"9": 0.6600910204648972, "8": 0.7456588476896286, "7": 0.6193645983934403, "6": 1.5598134154081345, "5": 0.5384743326902389}, "final_contrastive_loss_unweighted": {"9": 1.6988995790481567, "8": 1.6628441333770752, "7": 1.6927692198753357, "6": 1.7550757145881652, "5": 1.681497631072998}}