{"weighted": {"overall_acc": 32.75, "avg_precision": 0.22196666626860445, "avg_recall": 0.26749999999999996, "avg_f1": 0.2213834641521894}, "unweighted": {"overall_acc": 37.574999999999996, "avg_precision": 0.4089656932871268, "avg_recall": 0.35, "avg_f1": 0.3715694160409396}}