{"weighted": {"overall_acc": 98.97500000000001, "avg_precision": 0.9900194287797193, "avg_recall": 0.9880000000000001, "avg_f1": 0.9889992393577464}, "unweighted": {"overall_acc": 30.8, "avg_precision": 0.2, "avg_recall": 0.025500000000000002, "avg_f1": 0.04523281596452328}, "final_contrastive_loss_weighted": {"9": 0.346038376390934, "8": 0.3371537366509438, "7": 0.3989405843615532, "6": 0.3970679599046707, "5": 0.3795539438724518}, "final_contrastive_loss_unweighted": {"9": 1.2994757580757141, "8": 1.334676012992859, "7": 1.363595073223114, "6": 1.3654712224006653, "5": 1.420516631603241}}