{"weighted": {"overall_acc": 88.48, "avg_precision": 0.933613821420807, "avg_recall": 0.8698, "avg_f1": 0.8947340720465722}, "unweighted": {"overall_acc": 62.239999999999995, "avg_precision": 0.4901383209961672, "avg_recall": 0.511, "avg_f1": 0.4561740685153389}, "final_contrastive_loss_weighted": {"9": 0.7184635448455811, "8": 0.7365455389022827, "7": 0.7528046977519989, "6": 1.8158434021472931, "5": 0.7617413967847824}, "final_contrastive_loss_unweighted": {"9": 1.098924372792244, "8": 1.6240395069122315, "7": 0.9838189080357551, "6": 1.7538397628068925, "5": 1.1045031034946442}}