{"weighted": {"overall_acc": 28.799999999999997, "avg_precision": 0.2516048104106646, "avg_recall": 0.17450000000000002, "avg_f1": 0.19937420647415466}, "unweighted": {"overall_acc": 25.324999999999996, "avg_precision": 0.29159042000441854, "avg_recall": 0.12400000000000003, "avg_f1": 0.13109930672701137}}