{"weighted": {"overall_acc": 83.8340486409156, "avg_precision": 0.6479005131722264, "avg_recall": 0.7198089292902814, "avg_f1": 0.6688375421216669}, "unweighted": {"overall_acc": 56.44798692008992, "avg_precision": 0.2515467500868961, "avg_recall": 0.1672542760047558, "avg_f1": 0.18044043943957705}, "final_contrastive_loss_weighted": {"9": 0.7824354779720306, "8": 0.8934019583463669, "7": 0.7808726567029953, "6": 0.7014033740758896, "5": 0.9705688172578811}, "final_contrastive_loss_unweighted": {"9": 1.5707483339309691, "8": 1.6994942784309388, "7": 1.6363676548004151, "6": 1.5547010934352874, "5": 1.7399431014060973}}