{"weighted": {"overall_acc": 81.5, "avg_precision": 0.9124884785733322, "avg_recall": 0.8465, "avg_f1": 0.8713265496151387}, "unweighted": {"overall_acc": 68.27499999999999, "avg_precision": 0.6965872932151836, "avg_recall": 0.6065, "avg_f1": 0.6173818114370336}, "final_contrastive_loss_weighted": {"9": 0.40403766572475436, "8": 0.39072324216365817, "7": 0.4147981083393097, "6": 1.302136153280735, "5": 0.43001182019710543}, "final_contrastive_loss_unweighted": {"9": 1.0494570410251618, "8": 1.0509903955459594, "7": 0.9650245773792266, "6": 1.262790561914444, "5": 0.9816113168001175}}