{"weighted": {"overall_acc": 58.85, "avg_precision": 0.3611428583177755, "avg_recall": 0.422, "avg_f1": 0.3440875743192107}, "unweighted": {"overall_acc": 53.63, "avg_precision": 0.35711770623742456, "avg_recall": 0.39459999999999995, "avg_f1": 0.3530448536657743}, "final_contrastive_loss_weighted": {"9": 0.5667443060874939, "8": 0.5149517351388931, "7": 0.5746577471494675, "6": 1.1326819303631783, "5": 0.5818346557021141}, "final_contrastive_loss_unweighted": {"9": 0.5146206694841385, "8": 0.9558914417028427, "7": 0.5097953915596009, "6": 1.0381144440174104, "5": 0.60220100492239}}