{"weighted": {"overall_acc": 71.41, "avg_precision": 0.8317899328046876, "avg_recall": 0.6779999999999999, "avg_f1": 0.6344705737289035}, "unweighted": {"overall_acc": 44.519999999999996, "avg_precision": 0.23088186094109772, "avg_recall": 0.2062, "avg_f1": 0.11515750139715805}, "final_contrastive_loss_weighted": {"9": 0.7728657269477844, "8": 0.5974668401479721, "7": 0.7590313220024109, "6": 1.435819420814514, "5": 0.5746865892410278}, "final_contrastive_loss_unweighted": {"9": 1.5170498299598694, "8": 1.6572181582450867, "7": 1.5119072079658509, "6": 1.671359806060791, "5": 1.5229872512817382}}