{"weighted": {"overall_acc": 53.68000000000001, "avg_precision": 0.6564016162600477, "avg_recall": 0.45640000000000003, "avg_f1": 0.4878609196177862}, "unweighted": {"overall_acc": 54.730000000000004, "avg_precision": 0.6160683569231962, "avg_recall": 0.41859999999999997, "avg_f1": 0.4743171820527163}, "final_contrastive_loss_weighted": {"9": 1.2885827296972274, "8": 1.033958569765091, "7": 1.397802983522415, "6": 1.2941074883937835, "5": 1.3856636494398118}, "final_contrastive_loss_unweighted": {"9": 1.2323860305547714, "8": 1.3745768392086029, "7": 1.5816526198387146, "6": 1.425982085466385, "5": 1.407792397737503}}