{"weighted": {"overall_acc": 75.64999999999999, "avg_precision": 0.7919533768025785, "avg_recall": 0.624, "avg_f1": 0.5999747641083085}, "unweighted": {"overall_acc": 45.660000000000004, "avg_precision": 0.16175491175491175, "avg_recall": 0.198, "avg_f1": 0.1004044313558106}, "final_contrastive_loss_weighted": {"9": 0.9495293545722961, "8": 0.7490068590641021, "7": 0.9521537184715271, "6": 1.6575565731525421, "5": 0.7574531698226928}, "final_contrastive_loss_unweighted": {"9": 1.8423698353767395, "8": 1.946213312149048, "7": 1.8650174260139465, "6": 2.0149655508995057, "5": 1.8699950790405273}}