{"weighted": {"overall_acc": 54.010000000000005, "avg_precision": 0.6938489191618428, "avg_recall": 0.43820000000000003, "avg_f1": 0.5067847277535635}, "unweighted": {"overall_acc": 54.37, "avg_precision": 0.6712164118558442, "avg_recall": 0.46320000000000006, "avg_f1": 0.5230659392428204}, "final_contrastive_loss_weighted": {"9": 0.7436711749434471, "8": 0.8240581595897675, "7": 0.9985924363136292, "6": 0.7889121633768081, "5": 1.0826922783255577}, "final_contrastive_loss_unweighted": {"9": 1.1269725307822227, "8": 1.1950607791543006, "7": 1.0537559655308724, "6": 0.9727841186523437, "5": 1.06138592928648}}