{"weighted": {"overall_acc": 98.70222767218475, "avg_precision": 0.9857425099959769, "avg_recall": 0.9819319541093126, "avg_f1": 0.983807411900969}, "unweighted": {"overall_acc": 57.95013284283671, "avg_precision": 0.47017627645402954, "avg_recall": 0.3064170055066834, "avg_f1": 0.3450586375812442}, "final_contrastive_loss_weighted": {"9": 0.3582193070650101, "8": 0.39955726444721223, "7": 0.34885276257991793, "6": 0.3725529205799103, "5": 0.3388757291436195}, "final_contrastive_loss_unweighted": {"9": 1.2197386240959167, "8": 1.2391155898571014, "7": 1.2491994380950928, "6": 1.128787659406662, "5": 1.252028695344925}}