{"weighted": {"overall_acc": 98.74310239117105, "avg_precision": 0.9848421087915693, "avg_recall": 0.9833588283586743, "avg_f1": 0.9840451717353151}, "unweighted": {"overall_acc": 28.70427140813407, "avg_precision": 0.1617933723196881, "avg_recall": 0.1732776617954071, "avg_f1": 0.16733870967741934}, "final_contrastive_loss_weighted": {"9": 0.5827790379524231, "8": 0.5856931346654892, "7": 0.5309171199798584, "6": 0.5683745640516281, "5": 0.5198063772916793}, "final_contrastive_loss_unweighted": {"9": 1.8389873266220094, "8": 1.7721849036216737, "7": 1.7717866373062134, "6": 1.7598507761955262, "5": 1.844972939491272}}