{"weighted": {"overall_acc": 98.47741671776006, "avg_precision": 0.986546442037017, "avg_recall": 0.9794316543027716, "avg_f1": 0.9829362418412245}, "unweighted": {"overall_acc": 30.46188432454527, "avg_precision": 0.15472727272727274, "avg_recall": 0.17766179540709812, "avg_f1": 0.16540330417881438}, "final_contrastive_loss_weighted": {"9": 0.8503644633293151, "8": 0.7617129325866699, "7": 0.7440746116638184, "6": 0.6718590664863586, "5": 0.6835625314712525}, "final_contrastive_loss_unweighted": {"9": 2.055930640697479, "8": 2.046434645652771, "7": 2.0511276531219482, "6": 2.080103690624237, "5": 2.079983971118927}}